Workbook

Sheet Monthly
C3: HEALTH TRACKER
AJ4: TRUE
H5: =IFERROR(H27/H26,0) -> 0.6 | I5: =IFERROR(I27/I26,0) -> 0.8 | J5: =IFERROR(J27/J26,0) -> 0.9 | K5: =IFERROR(K27/K26,0) -> 0.7 | L5: =IFERROR(L27/L26,0) -> 0.8 | M5: =IFERROR(M27/M26,0) -> 0.8 | N5: =IFERROR(N27/N26,0) -> 0.5 | O5: =IFERROR(O27/O26,0) -> 0.8 | ... AL5: =IFERROR(AL27/AL26,0) -> 0.7
D6: =CONCATENATE(F12," , ",F11) -> January , 2026 | AN6: Goal Setting
AN7: 1 | AO7: =Monthly!E38 -> Waking up at 6 am
AN8: =AN7+1 -> 2 | AO8: =Monthly!E39 -> Having Breskfast
AN9: =AN8+1 -> 3 | AO9: =Monthly!E40 -> Reading newspaper
D10: Calender Setting | AN10: =AN9+1 -> 4 | AO10: =Monthly!E41 -> Going college on time
D11: Year | F11: 2026 | AN11: =AN10+1 -> 5 | AO11: =Monthly!E42 -> Having lunch at 1:15 pm
D12: Month | F12: ='Data Sheet'!C3 -> January | AN12: =AN11+1 -> 6 | AO12: =Monthly!E43 -> Going to Gym
AN13: =AN12+1 -> 7 | AO13: =Monthly!E44 -> Having protein
AN14: =AN13+1 -> 8 | AO14: =Monthly!E45 -> Sleeping at 11 pm
D15: OVERVIEW | H15: WEEK 1 | O15: WEEK 2 | V15: WEEK 3 | AC15: WEEK 4 | AJ15: Week 5 | AN15: =AN14+1 -> 9 | AO15: =Monthly!E46 -> Read 10 pages of book
AN16: =AN15+1 -> 10 | AO16: =Monthly!E47 -> Worked on financial model
H17: Sun | I17: Mon | J17: Tue | K17: Wed | L17: Thur | M17: Fri | N17: Sat | O17: =H17 -> Sun | P17: =I17 -> Mon | Q17: =J17 -> Tue | R17: =K17 -> Wed | S17: =L17 -> Thur | T17: =M17 -> Fri | U17: =N17 -> Sat | V17: =O17 -> Sun | ... AL17: =AE17 -> Tue
H18: 1 | I18: =H18+1 -> 2 | J18: =I18+1 -> 3 | K18: =J18+1 -> 4 | L18: =K18+1 -> 5 | M18: =L18+1 -> 6 | N18: =M18+1 -> 7 | O18: =N18+1 -> 8 | P18: =O18+1 -> 9 | ... AL18: =AK18+1 -> 31 | AN18: Monthly Progress
D19: Goal Progress
D26: Goal | H26: =COUNTIF(Monthly!$E$38:$G$47,"*") -> 10 | I26: =COUNTIF(Monthly!$E$38:$G$47,"*") -> 10 | J26: =COUNTIF(Monthly!$E$38:$G$47,"*") -> 10 | K26: =COUNTIF(Monthly!$E$38:$G$47,"*") -> 10 | L26: =COUNTIF(Monthly!$E$38:$G$47,"*") -> 10 | M26: =COUNTIF(Monthly!$E$38:$G$47,"*") -> 10 | N26: =COUNTIF(Monthly!$E$38:$G$47,"*") -> 10 | O26: =COUNTIF(Monthly!$E$38:$G$47,"*") -> 10 | ... AL26: =COUNTIF(Monthly!$E$38:$G$47,"*") -> 10
D27: Completed | H27: =COUNTIF(Monthly!J$38:J$47,TRUE) -> 6 | I27: =COUNTIF(Monthly!K$38:K$47,TRUE) -> 8 | J27: =COUNTIF(Monthly!L$38:L$47,TRUE) -> 9 | K27: =COUNTIF(Monthly!M$38:M$47,TRUE) -> 7 | L27: =COUNTIF(Monthly!N$38:N$47,TRUE) -> 8 | M27: =COUNTIF(Monthly!O$38:O$47,TRUE) -> 8 | N27: =COUNTIF(Monthly!P$38:P$47,TRUE) -> 5 | O27: =COUNTIF(Monthly!Q$38:Q$47,TRUE) -> 8 | ... AL27: =COUNTIF(Monthly!AN$38:AN$47,TRUE) -> 7
D28: Not Completed | H28: =COUNTIF(Monthly!J$38:J$47,FALSE) -> 4 | I28: =COUNTIF(Monthly!K$38:K$47,FALSE) -> 2 | J28: =COUNTIF(Monthly!L$38:L$47,FALSE) -> 1 | K28: =COUNTIF(Monthly!M$38:M$47,FALSE) -> 3 | L28: =COUNTIF(Monthly!N$38:N$47,FALSE) -> 2 | M28: =COUNTIF(Monthly!O$38:O$47,FALSE) -> 2 | N28: =COUNTIF(Monthly!P$38:P$47,FALSE) -> 5 | O28: =COUNTIF(Monthly!Q$38:Q$47,FALSE) -> 2 | ... AL28: =COUNTIF(Monthly!AN$38:AN$47,FALSE) -> 3 | AO28: Target | AP28: =SUM(H26:AL26) -> 310
D29: Weekly Progress | H29: =IFERROR((SUM(H27:N27))/(SUM(H26:N26)),0) -> 0.72857143 | O29: =IFERROR((SUM(O27:U27))/(SUM(O26:U26)),0) -> 0.82857143 | V29: =IFERROR((SUM(V27:AB27))/(SUM(V26:AB26)),0) -> 0.81428571 | AC29: =IFERROR((SUM(AC27:AI27))/(SUM(AC26:AI26)),0) -> 0.74285714 | AJ29: =IFERROR((SUM(AJ27:AL27))/(SUM(AJ26:AL26)),0) -> 0.63333333 | AO29: Achieved | AP29: =SUM(H27:AL27) -> 237 | AQ29: =AP29/AP28 -> 0.76451613
AO30: Left | AP30: =SUM(H28:AL28) -> 73 | AQ30: =AP30/AP28 -> 0.23548387
D34: Goal | J34: Week 1 | Q34: Week 2 | X34: Week 3 | AE34: Week 4 | AL34: Week 5
J36: Sun | K36: Mon | L36: Tue | M36: Wed | N36: Thur | O36: Fri | P36: Sat | Q36: =J36 -> Sun | R36: =K36 -> Mon | S36: =L36 -> Tue | T36: =M36 -> Wed | U36: =N36 -> Thur | V36: =O36 -> Fri | W36: =P36 -> Sat | X36: =Q36 -> Sun | ... AN36: =AG36 -> Tue
J37: 1 | K37: =J37+1 -> 2 | L37: =K37+1 -> 3 | M37: =L37+1 -> 4 | N37: =M37+1 -> 5 | O37: =N37+1 -> 6 | P37: =O37+1 -> 7 | Q37: =P37+1 -> 8 | R37: =Q37+1 -> 9 | ... AN37: =AM37+1 -> 31
D38: 1 | E38: Waking up at 6 am | J38: TRUE | K38: TRUE | L38: TRUE | M38: FALSE | N38: TRUE | O38: TRUE | P38: TRUE | Q38: FALSE | R38: TRUE | S38: TRUE | T38: TRUE | U38: TRUE | V38: TRUE | W38: TRUE | X38: TRUE | Y38: TRUE | Z38: TRUE | AA38: TRUE | AB38: TRUE | AC38: TRUE | AD38: TRUE | AE38: TRUE | AF38: TRUE | AG38: TRUE | AH38: TRUE | AI38: TRUE | AJ38: TRUE | AK38: TRUE | AL38: TRUE | AM38: FALSE | AN38: FALSE
D39: =D38+1 -> 2 | E39: Having Breskfast | J39: FALSE | K39: FALSE | L39: TRUE | M39: TRUE | N39: TRUE | O39: TRUE | P39: TRUE | Q39: TRUE | R39: TRUE | S39: TRUE | T39: TRUE | U39: FALSE | V39: FALSE | W39: TRUE | X39: TRUE | Y39: TRUE | Z39: TRUE | AA39: FALSE | AB39: TRUE | AC39: TRUE | AD39: TRUE | AE39: TRUE | AF39: TRUE | AG39: TRUE | AH39: TRUE | AI39: TRUE | AJ39: FALSE | AK39: TRUE | AL39: FALSE | AM39: FALSE | AN39: TRUE
D40: =D39+1 -> 3 | E40: Reading newspaper | J40: TRUE | K40: FALSE | L40: FALSE | M40: TRUE | N40: TRUE | O40: TRUE | P40: TRUE | Q40: TRUE | R40: TRUE | S40: TRUE | T40: TRUE | U40: TRUE | V40: TRUE | W40: TRUE | X40: FALSE | Y40: TRUE | Z40: FALSE | AA40: TRUE | AB40: TRUE | AC40: FALSE | AD40: TRUE | AE40: TRUE | AF40: FALSE | AG40: TRUE | AH40: FALSE | AI40: TRUE | AJ40: TRUE | AK40: FALSE | AL40: FALSE | AM40: FALSE | AN40: TRUE
D41: =D40+1 -> 4 | E41: Going college on time | J41: TRUE | K41: TRUE | L41: TRUE | M41: FALSE | N41: FALSE | O41: FALSE | P41: FALSE | Q41: TRUE | R41: TRUE | S41: TRUE | T41: TRUE | U41: TRUE | V41: FALSE | W41: TRUE | X41: FALSE | Y41: TRUE | Z41: TRUE | AA41: FALSE | AB41: TRUE | AC41: FALSE | AD41: TRUE | AE41: FALSE | AF41: TRUE | AG41: FALSE | AH41: FALSE | AI41: TRUE | AJ41: FALSE | AK41: TRUE | AL41: TRUE | AM41: TRUE | AN41: FALSE
D42: =D41+1 -> 5 | E42: Having lunch at 1:15 pm | J42: FALSE | K42: TRUE | L42: TRUE | M42: TRUE | N42: TRUE | O42: TRUE | P42: FALSE | Q42: TRUE | R42: TRUE | S42: TRUE | T42: FALSE | U42: TRUE | V42: FALSE | W42: TRUE | X42: TRUE | Y42: TRUE | Z42: TRUE | AA42: TRUE | AB42: TRUE | AC42: TRUE | AD42: TRUE | AE42: FALSE | AF42: TRUE | AG42: TRUE | AH42: TRUE | AI42: TRUE | AJ42: TRUE | AK42: TRUE | AL42: FALSE | AM42: FALSE | AN42: TRUE
D43: =D42+1 -> 6 | E43: Going to Gym | J43: TRUE | K43: TRUE | L43: TRUE | M43: TRUE | N43: TRUE | O43: TRUE | P43: FALSE | Q43: TRUE | R43: FALSE | S43: TRUE | T43: TRUE | U43: TRUE | V43: TRUE | W43: FALSE | X43: TRUE | Y43: TRUE | Z43: TRUE | AA43: TRUE | AB43: TRUE | AC43: TRUE | AD43: TRUE | AE43: FALSE | AF43: TRUE | AG43: TRUE | AH43: FALSE | AI43: TRUE | AJ43: TRUE | AK43: TRUE | AL43: TRUE | AM43: TRUE | AN43: TRUE | NJ43: TRUE
D44: =D43+1 -> 7 | E44: Having protein | J44: TRUE | K44: TRUE | L44: TRUE | M44: FALSE | N44: TRUE | O44: TRUE | P44: FALSE | Q44: TRUE | R44: TRUE | S44: TRUE | T44: FALSE | U44: TRUE | V44: TRUE | W44: FALSE | X44: FALSE | Y44: TRUE | Z44: FALSE | AA44: TRUE | AB44: TRUE | AC44: TRUE | AD44: FALSE | AE44: FALSE | AF44: TRUE | AG44: TRUE | AH44: TRUE | AI44: TRUE | AJ44: FALSE | AK44: TRUE | AL44: TRUE | AM44: TRUE | AN44: TRUE
D45: =D44+1 -> 8 | E45: Sleeping at 11 pm | J45: TRUE | K45: TRUE | L45: TRUE | M45: TRUE | N45: FALSE | O45: FALSE | P45: FALSE | Q45: TRUE | R45: TRUE | S45: TRUE | T45: TRUE | U45: TRUE | V45: TRUE | W45: TRUE | X45: TRUE | Y45: TRUE | Z45: FALSE | AA45: TRUE | AB45: FALSE | AC45: TRUE | AD45: TRUE | AE45: FALSE | AF45: FALSE | AG45: TRUE | AH45: TRUE | AI45: FALSE | AJ45: TRUE | AK45: TRUE | AL45: FALSE | AM45: TRUE | AN45: FALSE
D46: =D45+1 -> 9 | E46: Read 10 pages of book | J46: FALSE | K46: TRUE | L46: TRUE | M46: TRUE | N46: TRUE | O46: TRUE | P46: TRUE | Q46: TRUE | R46: TRUE | S46: TRUE | T46: TRUE | U46: TRUE | V46: TRUE | W46: TRUE | X46: FALSE | Y46: TRUE | Z46: TRUE | AA46: TRUE | AB46: TRUE | AC46: TRUE | AD46: TRUE | AE46: FALSE | AF46: TRUE | AG46: TRUE | AH46: TRUE | AI46: TRUE | AJ46: TRUE | AK46: TRUE | AL46: TRUE | AM46: TRUE | AN46: TRUE
D47: =D46+1 -> 10 | E47: Worked on financial model | J47: FALSE | K47: TRUE | L47: TRUE | M47: TRUE | N47: TRUE | O47: TRUE | P47: TRUE | Q47: FALSE | R47: TRUE | S47: FALSE | T47: TRUE | U47: TRUE | V47: TRUE | W47: TRUE | X47: TRUE | Y47: TRUE | Z47: TRUE | AA47: TRUE | AB47: TRUE | AC47: TRUE | AD47: TRUE | AE47: FALSE | AF47: TRUE | AG47: TRUE | AH47: TRUE | AI47: TRUE | AJ47: TRUE | AK47: TRUE | AL47: TRUE | AM47: TRUE | AN47: TRUE
AP50: _Made by Ashish Chaudhari

Sheet Data Sheet
B2: Year | C2: Month | D2: Days | E2: Values
B3: 2025 | C3: January | D3: Sunday | E3: TRUE
B4: =B3+1 -> 2026 | C4: February | D4: Monday | E4: TRUE
B5: =B4+1 -> 2027 | C5: March | D5: Tuesday
B6: =B5+1 -> 2028 | C6: April | D6: Wednesday
B7: =B6+1 -> 2029 | C7: May | D7: Thursday
B8: =B7+1 -> 2030 | C8: June | D8: Friday
B9: =B8+1 -> 2031 | C9: July | D9: Saturday
B10: =B9+1 -> 2032 | C10: August
B11: =B10+1 -> 2033 | C11: September
B12: =B11+1 -> 2034 | C12: October
B13: =B12+1 -> 2035 | C13: November
B14: =B13+1 -> 2036 | C14: December
B15: =B14+1 -> 2037
B16: =B15+1 -> 2038
B17: =B16+1 -> 2039
B18: =B17+1 -> 2040
B19: =B18+1 -> 2041
B20: =B19+1 -> 2042
B21: =B20+1 -> 2043
B22: =B21+1 -> 2044
B23: =B22+1 -> 2045
B24: =B23+1 -> 2046
B25: =B24+1 -> 2047 | I25: x
B26: =B25+1 -> 2048
B27: =B26+1 -> 2049
B28: =B27+1 -> 2050
